Feature1,Feature2,Feature3
91,5.627715702647961,D
6,58.67471951997892,B
47,23.272571457285384,A
72,79.91869183127174,C
45,15.52322737734827,C
44,9.539049027366941,B
11,6.14964170738066,D
24,34.58218477148631,B
32,80.88991173132601,C
45,4.375277451193005,A
